{
  "goods": [
    {
      "id": 1,
      "title": "Кресло компьютерное игровое Cougar ARMOR One Black-Orange",
      "description": "Cougar Armor One — игровое компьютерное кресло с высокой спинкой, поддерживающей позвоночник в анатомически правильном положении. Обивка сделана из воздухопроницаемой экокожи. В комплекте есть подушки для шеи и поясницы. За счет стального каркаса эта модель выдерживает нагрузку до 120 кг. Стул оснащен механизмом регулировки высоты «Газлифт». Металлический кожух защищает его от преждевременной поломки. Специальные ручки предназначены для настройки степени сопротивления к раскачиванию и его полной блокировки. Конструкция раскладывается на 180°. Подлокотники поворачиваются вправо и влево, их можно поднимать и опускать.",
      "colors": [
        "black",
        "orange"
      ],
      "rating": 4.1,
      "price": 20999,
      "isBlackFriday": false,
      "salePercentage": 0,
      "media": [
        "https://img.mvideo.ru/Big/50138276bb.jpg"
      ],
      "type": "furniture"
    },
    {
      "id": 2,
      "title": "Кресло компьютерное игровое Red Square Pro Pure Black (RSQ-50020)",
      "description": "",
      "colors": [
        "black"
      ],
      "rating": 4.3,
      "price": 19999,
      "isBlackFriday": false,
      "salePercentage": 0,
      "media": [
        "https://img.mvideo.ru/Big/50110498bb.jpg"
      ],
      "type": "furniture"
    },
    {
      "id": 3,
      "title": "Кресло компьютерное игровое Bloody GC-150",
      "description": "Компьютерное кресло Bloody GC-150 разработано специально для геймеров и подарит тебе комфорт во время длительных игровых сессий. Эта модель рассчитана на нагрузку до 120 кг. Благодаря стильному дизайну она станет заметным элементом в любом современном интерьере. <br> ВСЁ ПРОДУМАНО <br> Сиденье регулируется по высоте под рост пользователя в диапазоне от 47 до 59 см, для этого достаточно лишь нажать на рычаг («Газ-лифт»). Встроенный механизм качания поможет сделать перерыв и расслабиться, при желании его можно заблокировать, чтобы не отвлекал. <br> ДЛЯ ТВОЕГО УДОБСТВА <br> Спинка с высоким подголовником и широкие подлокотники, отлитые из приятного на ощупь текстурированного пластика, снимут нагрузку с поясницы и шейно-плечевого отдела позвоночника. Специальные вентиляционные",
      "colors": [
        "black"
      ],
      "rating": 3.9,
      "price": 9499,
      "isBlackFriday": false,
      "salePercentage": 0,
      "media": [
        "https://img.mvideo.ru/Big/50110498bb.jpg"
      ],
      "type": "furniture"
    },
    {
      "id": 4,
      "title": "Кресло компьютерное игровое Red Square Eco Blazing (RSQ-50026)",
      "description": "КАЧЕСТВЕННЫЕ МАТЕРИАЛЫ <br> Обивка сиденья и спинки выполнены из экокожи, которая легко чистится, первоклассно выглядит и обеспечивает комфорт даже в жаркое время года. Металлический каркас Red Square Eco спокойно выдерживает нагрузку до 120 кг, демонстрируя должную надёжность. Кресло опирается на пятилучевую крестовину с колёсиками, чтобы ты мог в любой момент отъехать от стола.",
      "colors": [
        "black",
        "orange"
      ],
      "rating": 3.8,
      "price": 14999,
      "isBlackFriday": true,
      "salePercentage": 20,
      "media": [
        "https://img.mvideo.ru/Big/50143597bb.jpg"
      ],
      "type": "furniture"
    },
    {
      "id": 5,
      "title": "Кресло компьютерное игровое ThunderX3 TC3 Azure Blue",
      "description": "В кресле ThunderX3 TC3 ты будешь чувствовать себя уверенно круглый год. Вспененный наполнитель Air Tech и перфорированная обивка из экокожи свободно пропускают воздух и отводят лишнюю влагу. Благодаря этому ты можешь сосредоточиться на игре даже в самые жаркие дни.",
      "colors": [
        "black",
        "blue"
      ],
      "rating": 5,
      "price": 16999,
      "isBlackFriday": false,
      "salePercentage": 0,
      "media": [
        "https://img.mvideo.ru/Big/50143056bb1.jpg"
      ],
      "type": "furniture"
    },
    {
      "id": 6,
      "title": "Кресло компьютерное игровое Red Square Pro: Fresh Lime",
      "description": "Кресло компьютерное игровое Red Square Pro – это копия сидения спортивного автомобиля, которая порадует не только любителей автомобильных симуляторов, но и геймеров с другими предпочтениями.",
      "colors": [
        "black",
        "green"
      ],
      "rating": 3.7,
      "price": 19999,
      "isBlackFriday": false,
      "salePercentage": 0,
      "media": [
        "https://img.mvideo.ru/Pdb/50046768b.jpg"
      ],
      "type": "furniture"
    },
    {
      "id": 7,
      "title": "Кресло компьютерное игровое Bloody GC-600",
      "description": "Надоело проводить вечера перед монитором, ёрзая на неудобном стуле? Компания Bloody решила позаботиться о геймерах, готовых часами напролёт сражаться с врагами, решать головоломки, руководить бизнес-империями или полноценными армиями.",
      "colors": [
        "black"
      ],
      "rating": 4.5,
      "price": 14999,
      "isBlackFriday": false,
      "salePercentage": 0,
      "media": [
        "https://img.mvideo.ru/Big/50136546bb1.jpg"
      ],
      "type": "furniture"
    },
    {
      "id": 8,
      "title": "Кресло компьютерное игровое Bloody GC-100",
      "description": "Надоело проводить вечера перед монитором, ёрзая на неудобном стуле? Компания Bloody решила позаботиться о геймерах, готовых часами напролёт сражаться с врагами, решать головоломки, руководить бизнес-империями или полноценными армиями.",
      "colors": [
        "black",
        "red"
      ],
      "rating": 4.3,
      "price": 8999,
      "isBlackFriday": false,
      "salePercentage": 0,
      "media": [
        "https://img.mvideo.ru/Big/50136541bb1.jpg"
      ],
      "type": "furniture"
    },
    {
      "id": 9,
      "title": "Кресло компьютерное игровое Canyon Corax (CND-SGCH5)",
      "description": "Компьютерное игровое кресло Canyon Corax представляет собой сочетание стильного дизайна и безупречного комфорта. Садись в него и отправляйся навстречу приключениям!",
      "colors": [
        "black",
        "orange"
      ],
      "rating": 4.7,
      "price": 27999,
      "isBlackFriday": false,
      "salePercentage": 0,
      "media": [
        "https://img.mvideo.ru/Big/40072385bb1.jpg"
      ],
      "type": "furniture"
    },
    {
      "id": 10,
      "title": "Кресло компьютерное Brabix Tender MG-330 Black (531845)",
      "description": "Кресло Brabix Tender MG-330 – облегчённая модель с сетчатой спинкой. Вы можете легко передвигать его в пределах помещения, выбирая оптимальное место для работы.",
      "colors": [
        "black"
      ],
      "rating": 4.6,
      "price": 5999,
      "isBlackFriday": false,
      "salePercentage": 0,
      "media": [
        "https://img.mvideo.ru/Big/50132144bb.jpg"
      ],
      "type": "furniture"
    },
    {
      "id": 11,
      "title": "Системный блок игровой HYPERPC Concept 5",
      "description": "Необычная форма HyperPC Concept 5 говорит сама за себя – перед тобой не просто системный блок, а настоящая машина, способная запускать любые игры без тормозов. Продвинутая начинка позволяет насладиться главными хитами сезона и выставить максимальные настройки. НА ТОП-УРОВНЕ Компьютер от HyperPC использует восьмиядерный процессор Intel Core i7 11700KF и 16 Гб оперативной памяти, чего с лихвой",
      "colors": [
        "black"
      ],
      "rating": 4.7,
      "price": 391999,
      "isBlackFriday": false,
      "salePercentage": 46,
      "media": [
        "https://img.mvideo.ru/Big/30058106bb.jpg",
        "https://img.mvideo.ru/Big/30058106bb1.jpg",
        "https://img.mvideo.ru/Big/30058106bb3.jpg"
      ],
      "type": "PC"
    },
    {
      "id": 12,
      "title": "Системный блок игровой Raskat STRIKE 920 105611 (i9-12900F/32GB/2TB+2TB/RTX3090Ti/W10)",
      "description": "Системный блок Raskat Strike 920 на операционной системе Windows 10 основан на материнской плате, совместимой с процессором Intel Core i9 12900F с рабочей тактовой частотой 2,4 ГГц. Дискретная видеокарта GeForce RTX 3090Ti с объемом памяти GDDR6Х 24 Гб открывает доступ к требовательным играм и графическим приложениям, оперативная память Ram 32 Гб, накопители SSD объемом 2 Тб и HDD емкостью 2 Тб",
      "colors": [
        "black"
      ],
      "rating": 5,
      "price": 359999,
      "isBlackFriday": true,
      "salePercentage": 10,
      "media": [
        "https://img.mvideo.ru/Big/30065113bb.jpg",
        "https://img.mvideo.ru/Big/30065113bb1.jpg",
        "https://img.mvideo.ru/Big/30065113bb2.jpg"
      ],
      "type": "PC"
    },
    {
      "id": 13,
      "title": "Системный блок игровой ASUS ROG Strix G15CE-1170KF0770",
      "description": "Игровой системный блок Asus ROG Strix G15CE-1170KF0770 весит 11 кг. Его размеры — 49,8 х 18,5 х 42,1 см. Есть внешняя подсветка. В нем установлены шестиядерный процессор Intel Core i5 11400F, дискретная видеокарта Nvidia GeForce RTX 3080 и блок питания пиковой мощностью 700 Вт. Объем оперативной памяти — 16 Гб, ее можно расширить до 64 Гб. Емкость SSD-накопителя — 1 Тб. Поддерживаются технологии",
      "colors": [
        "black"
      ],
      "rating": 4.8,
      "price": 263499,
      "isBlackFriday": false,
      "salePercentage": 0,
      "media": [
        "https://img.mvideo.ru/Big/30062852bb.jpg"
      ],
      "type": "PC"
    },
    {
      "id": 14,
      "title": "Системный блок игровой Raskat STRIKE720 105608 (i7-12700F/32G/1T+2T/3080TI/W10)",
      "description": "Системный блок Raskat Strike 720 на операционной системе Windows 10 основан на материнской плате, совместимой с процессором Intel Core i7 12700F с рабочей тактовой частотой 2,1 ГГц. Дискретная видеокарта GeForce RTX 3080TI с объемом памяти GDDR6Х 8 Гб открывает доступ к требовательным играм и графическим приложениям, оперативная память Ram 32 Гб, накопители SSD объемом 1 Тб и HDD емкостью 2 Тб",
      "colors": [
        "black"
      ],
      "rating": 5,
      "price": 212999,
      "isBlackFriday": false,
      "salePercentage": 0,
      "media": [
        "https://img.mvideo.ru/Big/30065111bb.jpg",
        "https://img.mvideo.ru/Big/30065111bb1.jpg",
        "https://img.mvideo.ru/Big/30065111bb2.jpg"
      ],
      "type": "PC"
    },
    {
      "id": 15,
      "title": "Видеокарта GIGABYTE RTX3090 GAMING OC-24G + монитор AORUS FV43U-EK",
      "description": "Комплект, в состав которого входят видеокарта Gigabyte RTX3090 Gaming OC-24G и монитор Aorus FV43U-EK, создан для требовательного геймера.",
      "colors": [
        "black"
      ],
      "rating": 5,
      "price": 269999,
      "isBlackFriday": false,
      "salePercentage": 0,
      "media": [
        "https://img.mvideo.ru/Big/30058010bb.jpg",
        "https://img.mvideo.ru/Big/30058010bb1.jpg",
        "https://img.mvideo.ru/Big/30058010bb2.jpg"
      ],
      "type": "PC"
    },
    {
      "id": 16,
      "title": "Видеокарта Palit RTX3080Ti GameRock 12GB",
      "description": "Видеокарта Palit RTX3080Ti GameRock 12GB создана для требовательных геймеров, которые хотят получить новый игровой опыт. Она обеспечивает не только виртуальные приключения с максимальными настройками графики, но и стабильный стриминг, а также позволяет обрабатывать изображения на профессиональном уровне. БЕЗ ПАДЕНИЯ ПРОИЗВОДИТЕЛЬНОСТИ Литые рельефные пластины",
      "colors": [
        "black"
      ],
      "rating": 5,
      "price": 219999,
      "isBlackFriday": true,
      "salePercentage": 12,
      "media": [
        "https://img.mvideo.ru/Big/30057855bb.jpg",
        "https://img.mvideo.ru/Big/30057855bb5.jpg",
        "https://img.mvideo.ru/Big/30057855bb4.jpg"
      ],
      "type": "PC"
    },
    {
      "id": 17,
      "title": "Монитор игровой HP OMEN X Emperium 65",
      "description": "По сравнению с монитором HP Omen X Emperium 65 его собратья смотрятся крошечными. Гигантский девайс позволит тебе в полной мере оценить виртуальные красоты и сможет заменить телевизор в комнате. Чтобы добиться максимального качества картинки, игровому компьютеру придётся изрядно напрячь начинку. С ЦАРСКИМ РАЗМАХОМ HP Omen X Emperium 65 относится к классу Big Format Gaming",
      "colors": [
        "black"
      ],
      "rating": 5.6,
      "price": 59999,
      "isBlackFriday": false,
      "salePercentage": 0,
      "media": [
        "https://img.mvideo.ru/Big/30043369bb.jpg",
        "https://img.mvideo.ru/Big/30043369bb1.jpg",
        "https://img.mvideo.ru/Big/30043369bb4.jpg"
      ],
      "type": "PC"
    },
    {
      "id": 18,
      "title": "Монитор игровой Samsung Odyssey G5 (LS27AG502NIXCI)",
      "description": "Монитор игровой Samsung Odyssey G5 работает на базе IPS-матрицы с частотой обновления 165 Гц и откликом пикселя 1 мс. Он дополнен динамической контрастностью Mega Infinity DCR. Его яркость — 350 кд/м². Такая конфигурация обеспечивает детализированное изображение с плавной анимацией. Габариты — 57,1 х 61,4 х 24,7 см. Экран диагональю 27\" транслирует с разрешением 2560 x 1440 пикс.",
      "colors": [
        "blue"
      ],
      "rating": 5,
      "price": 4999,
      "isBlackFriday": true,
      "salePercentage": 15,
      "media": [
        "https://img.mvideo.ru/Big/30063814bb.jpg",
        "https://img.mvideo.ru/Big/30063814bb1.jpg",
        "https://img.mvideo.ru/Big/30063814bb2.jpg"
      ],
      "type": "PC"
    },
    {
      "id": 19,
      "title": "Монитор игровой Acer Predator Z35",
      "description": "Монитор Acer Predator Z35 с изогнутым экраном – настоящая находка для опытных геймеров и киберспортсменов. Высокое качество изображения и широкие возможности для регулировки экрана значительно повышают шансы владельца на победу в игре. МАКСИМУМ УДОБСТВА Монитор оснащён эргономичной подставкой, позволяющей поднимать экран, наклонять его, поворачивать так, как удобно владельцу",
      "colors": [
        "black"
      ],
      "rating": 4.2,
      "price": 76499,
      "isBlackFriday": false,
      "salePercentage": 0,
      "media": [
        "https://img.mvideo.ru/Big/30026741bb.jpg",
        "https://img.mvideo.ru/Big/30026741bb1.jpg",
        "https://img.mvideo.ru/Big/30026741bb7.jpg"
      ],
      "type": "PC"
    },
    {
      "id": 20,
      "title": "Монитор игровой Samsung C27RG50FQI",
      "description": "Игровой монитор Samsung C27RG50FQI в черном корпусе оснащен изогнутым дисплеем диагональю 27 дюймов и соотношением сторон 16:9. Матрица VA обеспечивает углы обзора в двух плоскостях до 178° и степень яркости 3000:1. Изображение транслируется в качестве Full HD, на дисплее есть матовое покрытие. Устройство снабжено двумя выходами HDMI и одним DisplayPort, есть разъемы для",
      "colors": [
        "black"
      ],
      "rating": 4.7,
      "price": 23999,
      "isBlackFriday": true,
      "salePercentage": 8,
      "media": [
        "https://img.mvideo.ru/Pdb/30064600b.jpg",
        "https://img.mvideo.ru/Pdb/30064600b1.jpg"
      ],
      "type": "PC"
    },
    {
      "id": 21,
      "title": "Игровой микрофон для компьютера Blue Yeti Nano Shadow Grey (988-000205)",
      "description": "Для качественных трансляций в стриминговых сервисах наличия компьютера и горячего желания недостаточно. Микрофон Blue Yeti Nano позволит проводить стримы, записывать ролики и подкасты с отменным звуком.",
      "colors": [
        "grey"
      ],
      "rating": 5,
      "price": 9999,
      "isBlackFriday": false,
      "salePercentage": 0,
      "media": [
        "https://img.mvideo.ru/Big/50159382bb.jpg"
      ],
      "type": "audio"
    },
    {
      "id": 22,
      "title": "Наушники True Wireless Soul SYNC PRO White",
      "description": "Внутриканальные наушники Soul Sync Pro позволяют отправиться в длительное путешествие или командировку, не волнуясь о посаженном аккумуляторе. Впечатляющее время автономной работы понравится людям, которые не привыкли постоянно носить с собой кабели и искать свободную розетку.",
      "colors": [
        "white",
        "black"
      ],
      "rating": 5.4,
      "price": 10990,
      "isBlackFriday": false,
      "salePercentage": 50,
      "media": [
        "https://img.mvideo.ru/Big/50152746bb.jpg",
        "https://img.mvideo.ru/Big/50152745bb.jpg"
      ],
      "type": "audio"
    },
    {
      "id": 23,
      "title": "Полочные колонки KEF Q150 Black (пара)",
      "description": "Полочные колонки KEF Q150 оснащены оригинальными динамиками Uni-Q, в которых твитеры расположены точно в центре низкочастотного излучателя. В сочетании с оптимизированной формой волновода это позволяет получить настоящий трёхмерный звук, равномерно заполняющий большое помещение.",
      "colors": [
        "black"
      ],
      "rating": 5.8,
      "price": 36199,
      "isBlackFriday": false,
      "salePercentage": 30,
      "media": [
        "https://img.mvideo.ru/Big/10019053bb.jpg",
        "https://img.mvideo.ru/Big/10019053bb1.jpg"
      ],
      "type": "audio"
    },
    {
      "id": 24,
      "title": "Усилитель Primare I15 Titan",
      "description": "Компактный усилитель Primare I15 представляет собой сочетание лаконичного дизайна в скандинавском стиле и современных технологий, обеспечивающих высокое качество звучания. Его можно поставить даже в маленькую комнату.",
      "colors": [
        "white"
      ],
      "rating": 4.8,
      "price": 142999,
      "isBlackFriday": false,
      "salePercentage": 37,
      "media": [
        "https://img.mvideo.ru/Big/10028518bb.jpg",
        "https://img.mvideo.ru/Big/10028518bb1.jpg"
      ],
      "type": "audio"
    },
    {
      "id": 25,
      "title": "USB-Автомагнитола Pioneer MVH-09UBG",
      "description": "Pioneer MVH-09UBG – простая в использовании автомобильная магнитола, оборудованная встроенным усилителем на полевых транзисторах MOSFET с выходной мощностью 50 Вт на каждый из четырёх каналов. Она воспроизводит мощный, громкий и в то же время чистый звук.",
      "colors": [
        "black"
      ],
      "rating": 4.3,
      "price": 3999,
      "isBlackFriday": false,
      "salePercentage": 57,
      "media": [
        "https://img.mvideo.ru/Pdb/10012693b.jpg",
        "https://img.mvideo.ru/Pdb/10012693b1.jpg"
      ],
      "type": "audio"
    },
    {
      "id": 26,
      "title": "USB-Автомагнитола c встроенным монитором Pioneer DMH-G220BT",
      "description": "Автомобильная магнитола Pioneer DMH-G220BT скрасит вам любую поездку. Эта модель снабжена большим 6,2-дюймовым сенсорным дисплеем, который предоставляет доступ ко всем её возможностям. Кроме того, на экран может выводиться картинка с камеры заднего вида, что весьма удобно при парковке и маневрировании в ограниченном пространстве.",
      "colors": [
        "black"
      ],
      "rating": 6,
      "price": 17999,
      "isBlackFriday": false,
      "salePercentage": 27,
      "media": [
        "https://img.mvideo.ru/Big/10022400bb.jpg",
        "https://img.mvideo.ru/Big/10022400bb2.jpg"
      ],
      "type": "audio"
    },
    {
      "id": 27,
      "title": "Гитара Denn DCG395 N Natural",
      "description": "Denn DCG395 – акустическая гитара с тонким и прочным корпусом. Подходит для тех, кто только знакомится с основами игры.",
      "colors": [
        "orange"
      ],
      "rating": 5.5,
      "price": 4999,
      "isBlackFriday": false,
      "salePercentage": 35,
      "media": [
        "https://img.mvideo.ru/Big/10028676bb.jpg"
      ],
      "type": "audio"
    },
    {
      "id": 28,
      "title": "Гитара Denn SB100 WH White",
      "description": "Denn SB100 – бас-гитара для начинающих музыкантов. Выполнена в оригинальном дизайне с сочетанием чёрного и белого цветов и хромированной фурнитурой.",
      "colors": [
        "white"
      ],
      "rating": 4.8,
      "price": 11999,
      "isBlackFriday": false,
      "salePercentage": 12,
      "media": [
        "https://img.mvideo.ru/Big/10028852bb.jpg",
        "https://img.mvideo.ru/Big/10028852bb3.jpg"
      ],
      "type": "audio"
    },
    {
      "id": 29,
      "title": "Наушники накладные Bluetooth Bose QuietComfort 35 II Wireless Headphones, Silver",
      "description": "Bluetooth-наушники Bose QC 35 – верный спутник истинных меломанов. Беспроводная конструкция способна работать на одном заряде до 20 часов – хватит на долгий перелёт или путешествие. Слушайте любимые треки в любом месте, хоть в метро, без всяких помех извне благодаря технологии активного шумоподавления.",
      "colors": [
        "grey",
        "black"
      ],
      "rating": 5.3,
      "price": 29999,
      "isBlackFriday": false,
      "salePercentage": 69,
      "media": [
        "https://img.mvideo.ru/Pdb/50052461b.jpg",
        "https://img.mvideo.ru/Pdb/50052460b.jpg"
      ],
      "type": "audio"
    },
    {
      "id": 30,
      "title": "Наушники накладные Bluetooth Sony WH-CH510 Blue",
      "description": "Bluetooth-наушники Bose QC 35 – верный спутник истинных меломанов. Беспроводная конструкция способна работать на одном заряде до 20 часов – хватит на долгий перелёт или путешествие. Слушайте любимые треки в любом месте, хоть в метро, без всяких помех извне благодаря технологии активного шумоподавления.",
      "colors": [
        "blue",
        "black"
      ],
      "rating": 4.3,
      "price": 5499,
      "isBlackFriday": false,
      "salePercentage": 28,
      "media": [
        "https://img.mvideo.ru/Big/50131395bb.jpg",
        "https://img.mvideo.ru/Big/50173058bb.jpg"
      ],
      "type": "audio"
    },
    {
      "id": 0.011139933448344408,
      "title": "Телевизор Hisense 32A4BG",
      "description": "Hisense 32A4BG — телевизор с 32-дюймовым экраном, разрешение которого составляет 1366 х 768 пикселей, а яркость — 180 кд/кв. м. За воспроизведение звука отвечают два динамика, их суммарная мощность — 12 Вт. В комплекте есть подставка, а для установки на стене надо дополнительно купить крепление типа VESA. Эта модель оснащена тюнером, принимающим сигнал цифрового ТВ в форматах DVB C/S/S2/T/T2. Выбор доступного контента расширяется благодаря поддержке Smart TV: устройство можно подключить к интернету по Wi-Fi или через разъем LAN. DLNA позволяет сделать его частью локальной сети. Для взаимодействия с внешними девайсами и накопителями данных есть порты HDMI и USB.",
      "colors": [
        "white",
        "black"
      ],
      "dioganal": [
        "32\"",
        "40\""
      ],
      "rating": 4.8,
      "price": 12499,
      "isBlackFriday": true,
      "salePercentage": 26,
      "media": [
        "https://img.mvideo.ru/Big/10030407bb.jpg",
        "https://img.mvideo.ru/Big/small_pic/65/10030407bb1.jpg",
        "https://img.mvideo.ru/Big/small_pic/65/10030407bb3.jpg"
      ],
      "type": "TV"
    },
    {
      "id": 0.14070230267720274,
      "title": "Телевизор Haier 43 Smart TV MX",
      "description": "Фантастические боевики, романтические комедии и мрачные хорроры – фильмы любых жанров пытаются поразить зрителя невероятно качественной картинкой. И в этом случае заядлые киноманы смогут оценить по достоинству телевизор Haier 43 Smart TV MX. ГРАНИ БУДУЩЕГО Производители создали максимально лаконичный дизайн и практически отказались от рамок, чтобы они не мешали просмотру. Но самое главное, что эта модель позволяет наблюдать за детализированной картинкой в разрешении 4К – в этот формат Haier 43 Smart TV MX умеет конвертировать любое изображение, улучшая его без лишних усилий. А поддержка HDR10 помогает добиться невероятно ярких красок и добавить должную глубину цвета.",
      "colors": [
        "white",
        "black"
      ],
      "dioganal": [
        "32\"",
        "43\"",
        "50\"",
        "55\"",
        "75\""
      ],
      "rating": 4.6,
      "price": 19999,
      "isBlackFriday": false,
      "salePercentage": 15,
      "media": [
        "https://img.mvideo.ru/Big/10025791bb.jpg",
        "https://img.mvideo.ru/Big/small_pic/65/10025791bb1.jpg",
        "https://img.mvideo.ru/Big/small_pic/65/10025791bb2.jpg"
      ],
      "type": "TV"
    },
    {
      "id": 0.58006116125388,
      "title": "Телевизор Hisense 50A6BG",
      "description": "Hisense 50A6BG — телевизор с экраном формата 16:9, разрешение которого составляет 3840 х 2160 пикселей. Он поддерживает решения HDR10 Dolby Vision и благодаря этому реалистично воспроизводит основные цвета и тончайшие оттенки, а детали в наиболее светлых и самых темных участках изображения хорошо различимы. Искусственный интеллект, распознающий 11 сценариев, автоматически оптимизирует картинку. В корпус встроены два динамика, мощность каждого из них составляет 8 Вт. Технология DTS Virtual:X создает эффект погружения Операционная система VIDAA U5.0 обеспечивает быстрый и простой поиск контента. Доступ в интернет возможен без проводов, с помощью модуля Wi-Fi, или по кабелю — для этого есть разъем Ethernet RJ-45. Порты HDMI и USB позволяют подключить внешние устройства и накопители данных.",
      "colors": [
        "white",
        "black"
      ],
      "dioganal": [
        "43\"",
        "50\"",
        "55\"",
        "65\"",
        "75\""
      ],
      "rating": 4.4,
      "price": 29999,
      "isBlackFriday": true,
      "salePercentage": 48,
      "media": [
        "https://img.mvideo.ru/Big/10030411bb.jpg",
        "https://img.mvideo.ru/Big/small_pic/65/10030411bb1.jpg",
        "https://img.mvideo.ru/Big/small_pic/65/10030411bb2.jpg"
      ],
      "type": "TV"
    },
    {
      "id": 0.8474365959595023,
      "title": "Телевизор Haier 55 Smart TV MX",
      "description": "Диагональ экрана телевизора Haier 55 Smart TV MX — 55 дюймов, разрешение — 3840 х 2160 пикселей. Предусмотрены цифровое шумоподавление и масштабирование изображения до формата 4K. Есть поддержка HDR10. Акустическая система NICAM состоит из двух динамиков мощностью по 10 Вт. Для дистанционного управления предусмотрен инфракрасный пульт, также можно использовать смартфон с мобильным приложением. Эта модель работает под управлением операционной системы Android 9.0. Есть функции Smart TV, TimeShift и Sleep-таймер. Можно записывать фильмы и передачи на USB-носители и воспроизводить контент с флешек и портативных жестких дисков.",
      "colors": [
        "black"
      ],
      "dioganal": [
        "32\"",
        "43\"",
        "50\"",
        "55\"",
        "75\""
      ],
      "rating": 3.9,
      "price": 39999,
      "isBlackFriday": false,
      "salePercentage": 50,
      "media": [
        "https://img.mvideo.ru/Big/small_pic/65/10030234bb.jpg",
        "https://img.mvideo.ru/Big/small_pic/65/10030234bb1.jpg",
        "https://img.mvideo.ru/Big/small_pic/65/10030234bb2.jpg"
      ],
      "type": "TV"
    },
    {
      "id": 0.8934953995981414,
      "title": "Телевизор Haier 32 Smart TV MX",
      "description": "Телевизор Haier 32 Smart TV MX позволяет получить качественное изображение, раскрывающее все преимущества ваших любимых фильмов и сериалов. Его современная HD-матрица показывает чёткую картинку с яркими, насыщенными цветами и оптимальной контрастностью. SMART-ТЕХНОЛОГИИ Android TV предлагает наибольший выбор приложений – от онлайн-кинотеатров Okko, Netflix и Megogo до мессенджеров, клиентов социальных сетей и простых игр. Телевизор изучает ваши предпочтения и подбирает наиболее интересный контент.",
      "colors": [
        "black"
      ],
      "dioganal": [
        "32\"",
        "43\"",
        "50\"",
        "55\"",
        "75\""
      ],
      "rating": 4.3,
      "price": 15999,
      "isBlackFriday": false,
      "salePercentage": 15,
      "media": [
        "https://img.mvideo.ru/Big/small_pic/65/10026500bb.jpg",
        "https://img.mvideo.ru/Big/small_pic/65/10026500bb1.jpg",
        "https://img.mvideo.ru/Big/small_pic/65/10026500bb2.jpg"
      ],
      "type": "TV"
    },
    {
      "id": 0.1452291405255206,
      "title": "Телевизор Hisense 55U7HQ",
      "description": "Телевизор Hisense 55U7HQ оснащен LED-экраном с диагональю 55 дюймов и разрешением 3840 х 2160 пикселей. Он поддерживает технологию HDR10. Акустика представлена двумя фронтальными динамиками, их суммарная мощность — 20 Вт. Эта модель работает под управлением операционной системы Vidaa. Доступны беспроводные решения Wi-Fi и Bluetooth. Пульт ДУ входит в комплект поставки. Для подключения к интернету и локальной сети есть разъем LAN. Взаимодействие с внешними устройствами и накопителями обеспечивают интерфейсы HDMI, USB и RACA audio.",
      "colors": [
        "black"
      ],
      "dioganal": [
        "55\"",
        "65\""
      ],
      "rating": 4.2,
      "price": 59999,
      "isBlackFriday": true,
      "salePercentage": 45,
      "media": [
        "https://img.mvideo.ru/Big/small_pic/65/10030424bb.jpg",
        "https://img.mvideo.ru/Pdb/small_pic/65/10030424b1.jpg",
        "https://img.mvideo.ru/Pdb/small_pic/65/10030424b2.jpg"
      ],
      "type": "TV"
    },
    {
      "id": 0.30766659663183327,
      "title": "Телевизор Grundig 43 GGU 7950A",
      "description": "Grundig 43 GGU 7950A — телевизор с 43-дюймовым экраном, разрешение которого составляет 1920 х 1080 пикселей, а яркость — 180 кд/кв. м. За воспроизведение звука отвечают два динамика, их суммарная мощность — 12 Вт. В комплекте есть подставка, а для установки на стене надо дополнительно купить крепление типа VESA. Эта модель оснащена тюнером, принимающим сигнал цифрового ТВ в форматах DVB C/S/S2/T/T2. Выбор доступного контента расширяется благодаря поддержке Smart TV: устройство можно подключить к интернету по Wi-Fi или через разъем LAN. DLNA позволяет сделать его частью локальной сети. Для взаимодействия с внешними девайсами и накопителями данных есть порты HDMI и USB.",
      "colors": [
        "white",
        "black"
      ],
      "dioganal": [
        "43\"",
        "50\""
      ],
      "rating": 5,
      "price": 29999,
      "isBlackFriday": true,
      "salePercentage": 32,
      "media": [
        "https://img.mvideo.ru/Big/small_pic/65/10031232bb.jpg",
        "https://img.mvideo.ru/Big/small_pic/65/10031232bb1.jpg",
        "https://img.mvideo.ru/Big/small_pic/65/10031232bb2.jpg"
      ],
      "type": "TV"
    },
    {
      "id": 0.8031328499576555,
      "title": "Телевизор Philips 55OLED807/12",
      "description": "Телевизор Philips 55OLED807/12 оснащен LED-экраном с диагональю 55 дюймов и разрешением 3840 х 2160 пикселей. Он поддерживает технологию HDR10. Акустика представлена двумя фронтальными динамиками, их суммарная мощность — 25 Вт. Эта модель работает под управлением операционной системы Vidaa. Доступны беспроводные решения Wi-Fi и Bluetooth. Пульт ДУ входит в комплект поставки. Для подключения к интернету и локальной сети есть разъем LAN. Взаимодействие с внешними устройствами и накопителями обеспечивают интерфейсы HDMI, USB и RACA audio.",
      "colors": [
        "black"
      ],
      "dioganal": [
        "55\""
      ],
      "rating": 2.9,
      "price": 149999,
      "isBlackFriday": false,
      "salePercentage": 45,
      "media": [
        "https://img.mvideo.ru/Big/small_pic/65/10031758bb.jpg",
        "https://img.mvideo.ru/Big/small_pic/65/10031758bb1.jpg",
        "https://img.mvideo.ru/Big/small_pic/65/10031758bb2.jpg"
      ],
      "type": "TV"
    },
    {
      "id": 0.060016578071321325,
      "title": "Телевизор Artel UA43H3401",
      "description": "Телевизор Artel UA43H3401 с корпусом черного цвета оснащен 43-дюймовым экраном, соответствующим формату 16:9. Его диагональ — 43 дюйма, разрешение — 1920х1080 пикселей. Технология цифрового шумоподавления отсеивает помехи и повышает качество картинки. Аудиосистема представлена двумя фронтальными динамиками мощностью 10 Вт. Операционная система — Android. В комплекте есть инфракрасный пульт дистанционного управления, работающий от двух батареек AAA и настольная подставка. Доступны голосовые команды. Предусмотрена защита от детей. Есть встроенные часы.",
      "colors": [
        "white",
        "black"
      ],
      "dioganal": [
        "43\""
      ],
      "rating": 4.7,
      "price": 16999,
      "isBlackFriday": true,
      "salePercentage": 15,
      "media": [
        "https://img.mvideo.ru/Big/small_pic/65/10031348bb.jpg",
        "https://img.mvideo.ru/Big/small_pic/65/10031348bb1.jpg",
        "https://img.mvideo.ru/Big/small_pic/65/10031348bb2.jpg"
      ],
      "type": "TV"
    },
    {
      "id": 0.8673838511087768,
      "title": "Телевизор Grundig 65 GGU 7900B",
      "description": "Телевизор Toshiba 55C350KE лаконично выглядит и хорошо вписывается в современный интерьер. С ним вы получите искреннее удовольствие от фильмов и шоу. ПОЛНОЕ ПОГРУЖЕНИЕ Экран с разрешением 3840 х 2160 пикселей воспроизводит яркую, детализированную картинку и с безупречной реалистичностью передаёт цвета. 8-ваттные динамики с поддержкой Dolby Digital обеспечивают превосходный звук: мощный, убедительный и при этом чистый и естественный.",
      "colors": [
        "black"
      ],
      "dioganal": [
        "43\"",
        "50\"",
        "55\"",
        "65\""
      ],
      "rating": 4.5,
      "price": 49999,
      "isBlackFriday": true,
      "salePercentage": 10,
      "media": [
        "https://img.mvideo.ru/Big/small_pic/65/10029729bb.jpg",
        "https://img.mvideo.ru/Big/small_pic/65/10029729bb1.jpg",
        "https://img.mvideo.ru/Big/small_pic/65/10029729bb2.jpg"
      ],
      "type": "TV"
    },
    {
      "id": 31,
      "title": "Холодильник Gorenje NRK6191PS4",
      "description": "Gorenje NRK6191PS4 — холодильник с технологией быстрого замораживания Fast Freeze. Также в нем реализовано решение No Frost Plus. Объем основного отделения — 204 л, морозильника — 96 л. Максимальный уровень шума — 38 дБ.Предусмотрены компрессор стандартного типа и вентилятор для распределения температуры. Есть зона для овощей. Полки изготовлены из стекла, контейнеры — из прозрачного пластика. Освещение основной камеры — светодиодное.Время хранения продуктов при отключенном питании — примерно 17 часов. Система управления — электронная. Класс энергоэффективности — A+, потребление электричества — до 306 кВтч в год. Размеры этой модели — 185 х 60 х 59,2 см.",
      "colors": [],
      "rating": 4.8,
      "price": 31999,
      "isBlackFriday": true,
      "salePercentage": 27,
      "media": [
        "https://img.mvideo.ru/Big/20080442bb.jpg",
        "https://img.mvideo.ru/Big/20080442bb1.jpg",
        "https://img.mvideo.ru/Big/20080442bb2.jpg",
        "https://img.mvideo.ru/Big/20080442bb3.jpg",
        "https://img.mvideo.ru/Big/20080442bb4.jpg",
        "https://img.mvideo.ru/Big/20080442bb5.jpg",
        "https://www.mvideo.ru/products/holodilnik-gorenje-nrk6191ps4-20080442"
      ],
      "type": "kitchen"
    },
    {
      "id": 32,
      "title": "Стиральная машина узкая Haier HW70-BP12969AS",
      "description": "Глубина стиральной машины Haier HW70-BP12969AS всего 37,5 см, что делает её удачным выбором для установки в небольшом помещении. При скромных габаритах этой модели её барабан вмещает до 7 кг белья – подходящее решение для семьи из трёх-четырёх человек. Большой люк диаметром 52,5 см облегчает загрузку и выемку объёмных вещей: постельных принадлежностей, пледов, покрывал. ОБШИРНОЕ «МЕНЮ»«Хлопок», «Шерсть», «Синтетика» – для тканей разных видов предназначены свои программы. Кроме того, есть «Деликатный» цикл для шёлка, вискозы и тому подобных требовательных в уходе материалов. Специальные режимы разработаны для детской одежды и постельного белья. «Обработка паром» поможет устранить бактерии, избавит от неприятных запахов, освежит вещи после сезонного хранения. А функция «Дополнительное полоскание» удалит все остатки моющих средств и особенно пригодится семьям с детьми и аллергикам.",
      "colors": [
        "white",
        "#D0D0D1FF"
      ],
      "rating": 4.4,
      "price": 40999,
      "isBlackFriday": false,
      "salePercentage": 0,
      "media": [
        "https://img.mvideo.ru/Big/20064638bb.jpg",
        "https://img.mvideo.ru/Big/20064638bb1.jpg",
        "https://img.mvideo.ru/Big/20064638bb2.jpg",
        "https://img.mvideo.ru/Big/20064638bb3.jpg"
      ],
      "type": "kitchen"
    },
    {
      "id": 33,
      "title": "Электрочайник Redmond RK-G200S",
      "description": "Redmond RK-G200S – необычный чайник. Он не только быстро вскипятит воду, но и улучшит её вкус, а также послужит ночником или светильником. ВОЗМОЖНОСТИ ПРИЛОЖЕНИЯ Хотите утром подремать лишние пять минут? Или прийти вечером с работы и сразу согреться чашкой горячего чая? С приложениями R4S Gateway и Ready for Sky это возможно! Первое устанавливается на домашний смартфон или планшет и служит своего рода передатчиком ваших команд, второе – на основное мобильное устройство. Включайте и выключайте прибор и активируйте все его функции, где бы вы ни находились. Всё, что вам будет нужно, это подключение к интернету. А дома сигнал передаётся при помощи Bluetooth.",
      "colors": [],
      "rating": 4.2,
      "price": 2599,
      "isBlackFriday": true,
      "salePercentage": 50,
      "media": [
        "https://img.mvideo.ru/Pdb/20040702b.jpg",
        "https://img.mvideo.ru/Pdb/20040702b1.jpg",
        "https://img.mvideo.ru/Pdb/20040702b2.jpg",
        "https://img.mvideo.ru/Pdb/20040702b3.jpg"
      ],
      "type": "kitchen"
    },
    {
      "id": 34,
      "title": "Встраиваемая посудомоечная машина 45 см Haier DW10-198BT3RU",
      "description": "DW10-198BT3RU – посудомоечная машина, предназначенная для встраивания в нишу или в шкаф шириной всего 45,2 см. Модель не займёт много пространства на кухне, но при этом избавит вас от большого объёма хлопот.ОПТИМАЛЬНАЯ ВМЕСТИТЕЛЬНОСТЬМаксимальная загрузка составляет 10 комплектов, чего хватит для обычной семьи из трёх-четырёх человек. Используйте нижний выдвижной ящик для наиболее крупных предметов: сковород, кастрюль, мисок и крышек к ним. Регулируемая по высоте средняя корзина подходит для тарелок, блюдец, кружек и чашек. На складную верхнюю полку положите ложки, вилки и ножи. ВСЕГДА ЭФФЕКТИВНАПосуда сильно загрязнена? Тогда активируйте интенсивный режим, который не даст жиру и кусочкам",
      "colors": [],
      "rating": 4.2,
      "price": 27999,
      "isBlackFriday": true,
      "salePercentage": 39,
      "media": [
        "https://img.mvideo.ru/Big/20066196bb.jpg",
        "https://img.mvideo.ru/Big/20066196bb1.jpg",
        "https://img.mvideo.ru/Big/20066196bb2.jpg",
        "https://img.mvideo.ru/Big/20066196bb3.jpg"
      ],
      "type": "kitchen"
    },
    {
      "id": 35,
      "title": "Газовая плита (50-55 см) Gefest GC 531E2WH",
      "description": "",
      "colors": [
        "white",
        "#915927FF"
      ],
      "rating": 4.8,
      "price": 12999,
      "isBlackFriday": true,
      "salePercentage": 0,
      "media": [
        "https://img.mvideo.ru/Big/20044905bb.jpg",
        "https://img.mvideo.ru/Big/small_pic/80/20044905bb1.jpg",
        "https://img.mvideo.ru/Big/20044905bb2.jpg",
        "https://img.mvideo.ru/Big/small_pic/80/20044905bb3.jpg",
        "https://img.mvideo.ru/Big/20044905bb3.jpg"
      ],
      "type": "kitchen"
    },
    {
      "id": 36,
      "title": "Вытяжка 60 см Haier HVX-W671ATQBC",
      "description": "Вытяжка Haier HVX-W671ATQBC органично дополнит интерьер кухни, оформленный в классическом стиле. В зависимости от площади помещения и степени загрязнения воздуха с помощью кнопочной панели управления легко выбрать нужный скоростной уровень.Жиропоглощающая кассета эффективно задерживает загрязнения и снимается для очистки. При установке дополнительных угольных фильтров (приобретаются отдельно) можно запускать устройство в режиме рециркуляции. Эта модель фиксируется над варочной панелью на высоте от 65 см. Встроенная подсветка сделает процесс приготовления комфортным. Высокая производительность — до 590 куб. м/ч — отличный показатель для средних и больших по площади кухонь.",
      "colors": [
        "white",
        "#D0D0D1FF"
      ],
      "rating": 5,
      "price": 14999,
      "isBlackFriday": true,
      "salePercentage": 28,
      "media": [
        "https://img.mvideo.ru/Big/20071642bb.jpg",
        "https://img.mvideo.ru/Big/small_pic/80/20071642bb1.jpg",
        "https://img.mvideo.ru/Big/small_pic/80/20071642bb2.jpg",
        "https://img.mvideo.ru/Big/20071642bb3.jpg",
        "https://img.mvideo.ru/Big/20071642bb4.jpg"
      ],
      "type": "kitchen"
    },
    {
      "id": 37,
      "title": "Сплит-система Subtropic SUM-07HN1",
      "description": "Сплит-система Subtropic SUM-07HN1 подойдет для помещений площадью до 21,6 кв. м с высотой потолка в пределах 2,6 м. Она способна работать в режимах обычного и быстрого охлаждения, нагрева и осушения. Упростить уход за прибором позволяет функция автоочистки. Избавить внешний блок от наледи и снега в осенне-зимний период помогает опция размораживания.Модель снабжена съемной панелью управления и дистанционным пультом. С его помощью можно не только выбирать режимы, но и устанавливать таймер, а также регулировать направление воздушного потока. Восстановить рабочие настройки после сбоя в подаче электропитания позволяет функция «Авторестарт».Сплит-система снабжена цифровым дисплеем и несколькими световыми индикаторами: режима, заданной температуры и неисправностей. Во время работы уровень шума внутреннего блока не превышает 24 дБ, внешнего — 50 дБ.",
      "colors": [],
      "rating": 4.4,
      "price": 22999,
      "isBlackFriday": false,
      "salePercentage": 0,
      "media": [
        "https://img.mvideo.ru/Big/20078660bb.jpg",
        "https://img.mvideo.ru/Big/20078660bb1.jpg",
        "https://img.mvideo.ru/Big/20078660bb2.jpg",
        "https://img.mvideo.ru/Big/20078660bb3.jpg"
      ],
      "type": "kitchen"
    },
    {
      "id": 38,
      "title": "Утюг Redmond RI-C278",
      "description": "",
      "colors": [],
      "rating": 5,
      "price": 2699,
      "isBlackFriday": true,
      "salePercentage": 37,
      "media": [
        "https://img.mvideo.ru/Big/400032920bb.jpg",
        "https://img.mvideo.ru/Big/400032920bb1.jpg",
        "https://img.mvideo.ru/Pdb/400032920b2.jpg",
        "https://img.mvideo.ru/Pdb/400032920b3.jpg"
      ],
      "type": "kitchen"
    },
    {
      "id": 39,
      "title": "Кофеварка рожкового типа Krups Opio XP320830",
      "description": "Если вы любите кофе, то вам не обойтись без кофеварки! Рожковая кофеварка Krups Opio XP320830 очень проста в управлении и может сварить для вас сразу две чашки вкусного напитка. КОФЕ НА ДВОИХ Если вы живёте не один, то, скорее всего, и кофе пьёте с кем-нибудь вместе. Зачем ждать, если можно сделать две чашки одновременно? А большого резервуара объёмом 1,5 л хватит вообще на всю семью. ЭСПРЕССО, КАПУЧИНО, АМЕРИКАНО Какой напиток вам больше по душе – крепкий эспрессо или молочный капучино? С паровой насадкой вы легко взобьёте молоко в стойкую пену! Любители американо оценят функцию подачи кипятка – просто разбавьте горячей водой ваш эспрессо. ПОНЯТНОЕ УПРАВЛЕНИЕ Поверните ручку регулятора, чтобы выбрать между режимами приготовления кофе или подачи пара. Справится даже тот, кто никогда не имел дела с кофеварками!",
      "colors": [],
      "rating": 4.4,
      "price": 12999,
      "isBlackFriday": false,
      "salePercentage": 0,
      "media": [
        "https://img.mvideo.ru/Big/20056837bb.jpg",
        "https://img.mvideo.ru/Big/20056837bb1.jpg",
        "https://img.mvideo.ru/Pdb/20056837b2.jpg",
        "https://img.mvideo.ru/Pdb/20056837b3.jpg",
        "https://img.mvideo.ru/Pdb/20056837b4.jpg"
      ],
      "type": "kitchen"
    },
    {
      "id": 40,
      "title": "Мультиварка-скороварка Tefal Ultimate CY625D32",
      "description": "Мультиварка Tefal Ultimate CY625 – ваш личный шеф-повар. Она предлагает 66 автоматических программ, позволяющих готовить блюда по сотням рецептов. Среди них каши, супы, рагу, жаркое, выпечка, холодец, домашний творог и многое другое. БЫСТРО И ПОЛЕЗНО Воспользуйтесь функцией скороварки, чтобы повысить давление в чаше и ускорить приготовление. Включите режим подачи пара, чтобы сохранить нежную фактуру и высокую питательную ценность продуктов. ПРОФЕССИОНАЛЬНЫЙ УРОВЕНЬСферическая чаша равномерно распределяет тепло, защищая пищу от пригорания. Она создаёт эффект приготовления в печи, раскрывая насыщенный вкус каждого ингредиента.",
      "colors": [],
      "rating": 4,
      "price": 21599,
      "isBlackFriday": false,
      "salePercentage": 12,
      "media": [
        "https://img.mvideo.ru/Big/20063431bb.jpg",
        "https://img.mvideo.ru/Big/20063431bb1.jpg",
        "https://img.mvideo.ru/Big/20063431bb2.jpg",
        "https://img.mvideo.ru/Big/20063431bb3.jpg",
        "https://img.mvideo.ru/Big/20063431bb4.jpg",
        "https://img.mvideo.ru/Big/20063431bb6.jpg",
        "https://img.mvideo.ru/Big/20063431bb7.jpg",
        "https://img.mvideo.ru/Big/20063431bb9.jpg",
        "https://img.mvideo.ru/Big/20063431bb10.jpg",
        "https://img.mvideo.ru/Big/20063431bb12.jpg"
      ],
      "type": "kitchen"
    }
  ],
  "users": [
    {
      "id": "1234",
      "email": "sevariik@gmail.com",
      "lastname": "Seva",
      "surname": "Me",
      "password": "55555",
      "token": "9DelDw9vMHmn3hkK"
    },
    {
      "id": "8639",
      "email": "alexadams@google.com",
      "lastname": "alex",
      "surname": "test",
      "password": "1212",
      "token": "VKGqz8CGDxHvx6xL"
    },
    {
      "id": "2111",
      "email": "aaaa@test.com",
      "lastname": "aaa",
      "surname": "aaaaa",
      "password": "33333",
      "token": "CXS3CxJx7hBz9Bzz"
    }
  ],
  "cart": [
    {
      "id": 1,
      "userId": "1234",
      "products": [
        {
          "id": 1,
          "quantity": 2
        },
        {
          "id": 2,
          "quantity": 1
        }
      ]
    },
    {
      "id": 2,
      "userId": "8639",
      "products": []
    }
  ],
  "favorites": [
    {
      "id": 1,
      "userId": "1234",
      "products": [
        { "id": 1 },
        { "id": 2 }
      ]
    },
    {
      "id": 2,
      "userId": "8639",
      "products": []
    }
  ]
}